Date,Time,Start,High,Low,End,Volume
20250331,0,59500,59700,57800,58200,13535896
20250328,0,60700,61100,60000,60200,16282514
20250327,0,60900,62000,60800,61800,20389790
20250326,0,59800,61400,59700,61400,16431645
20250325,0,60900,61100,59500,59800,17259455
20250324,0,61200,61600,60500,60500,14088094
20250321,0,60900,61700,60400,61700,40155612
20250320,0,59200,60300,58500,60200,34989004
20250319,0,57400,59200,57400,58500,29421759
20250318,0,58800,59000,57300,57600,28138594
20250317,0,55500,57800,55400,57600,35559021
20250314,0,54500,55100,54400,54700,10845154
20250313,0,55800,55900,54200,54700,24132151
20250312,0,53800,55300,53600,54900,17973221
20250311,0,52500,54100,52500,53600,17740891
20250310,0,53500,54800,53500,53700,12921670
20250307,0,53500,54200,53400,53700,14274992
20250306,0,54100,54500,54000,54300,12258101
20250305,0,55100,55400,54000,54000,16578817
20250304,0,53900,55000,53800,54500,18553933
20250228,0,55400,55700,54500,54500,28036698
20250227,0,56500,57100,56200,56300,14975356
20250226,0,57000,57100,56100,56600,18117091
20250225,0,56600,57800,56500,57200,14625181
20250224,0,57300,57700,57200,57300,14138471
20250221,0,58400,58500,57100,58200,22198428
20250220,0,59100,59100,58100,58400,21589059
20250219,0,57400,58900,57300,58700,25395151
20250218,0,56200,57200,55900,56900,22131007
20250217,0,56100,56500,55700,56000,11916027
20250214,0,56000,57300,56000,56000,23979779
20250213,0,56100,56400,55600,55800,22448377
20250212,0,55100,55900,54500,55800,26428596
20250211,0,55500,56300,55000,55700,24596196
20250210,0,53000,55900,52900,55600,27577591
20250207,0,53900,54200,53600,53700,14476866
20250206,0,53400,54000,53200,54000,16466025
20250205,0,53600,53800,52800,52900,15974885
20250204,0,51600,53600,51500,52700,27214851
20250203,0,51100,51400,50800,51000,32344897
20250131,0,52200,53000,51700,52400,42186279
20250124,0,53600,53800,53200,53700,11867631
20250123,0,53700,54100,53500,53700,15588067
20250122,0,53400,54400,53100,54300,18341991
20250121,0,53700,54300,53300,53500,13535702
20250120,0,53600,53900,53300,53400,11822531
20250117,0,53800,54100,53200,53700,18805344
20250116,0,54200,55000,54100,54300,18627298
20250115,0,54100,54700,53500,53700,18625025
20250114,0,54200,54600,53700,53900,17465926
20250113,0,54600,55000,54100,54100,16868600
20250110,0,56100,56500,55200,55300,16059223
20250109,0,57600,57700,56100,56100,24490592
20250108,0,54800,57500,54700,57300,26593553
20250107,0,56800,57300,55400,55400,17030235
20250106,0,54400,56200,54300,55900,19034284
20250103,0,52800,55100,52800,54400,19318046
20250102,0,52700,53600,52300,53400,16630538
20241230,0,53300,54000,53100,53200,12624702
20241227,0,53500,54100,53200,53700,10747196
20241226,0,54500,54600,53500,53600,10517075
20241224,0,53700,54500,53600,54400,11634677
20241223,0,53400,54000,53300,53500,13672650
20241220,0,52700,53100,51900,53000,24674774
20241219,0,53500,53800,53100,53100,22481925
20241218,0,54100,55400,54000,54900,13698937
20241217,0,54700,55200,54000,54200,20215230
20241216,0,56300,56600,55200,55600,15277277
20241213,0,55800,56300,55500,56100,15908823
20241212,0,54000,56500,53900,55900,33476698
20241211,0,53600,54200,53400,54000,14565947
20241210,0,54500,54500,53700,54000,20783970
20241209,0,53500,54600,53200,53400,26227680
20241206,0,53900,54400,52700,54100,22861874
20241205,0,53200,54400,53200,53700,23588277
20241204,0,52000,53400,52000,53100,29004766
20241203,0,53100,54400,53100,53600,23374603
20241202,0,54300,54400,53100,53600,22044867
20241129,0,55100,55300,53800,54200,24513531
20241128,0,56000,56400,55200,55500,20001134
20241127,0,57700,57800,56000,56300,21808387
20241126,0,57900,58900,57500,58300,23209405
20241125,0,57400,57900,56700,57900,36237325
20241122,0,56000,56700,55900,56000,15281543
20241121,0,54900,56900,54700,56400,19096850
20241120,0,56100,56500,54800,55300,20864667
20241119,0,56500,57500,55900,56300,31539632
20241118,0,57000,57500,55900,56700,48095234
20241115,0,50300,54200,50300,53500,46774485
20241114,0,50200,51800,49900,49900,48510715
20241113,0,52000,53000,50500,50600,52527995
20241112,0,54600,54600,53000,53000,37962881
20241111,0,56700,56800,55000,55000,29811326
20241108,0,58000,58300,57000,57000,13877396
20241107,0,56900,58100,56800,57500,17043102
20241106,0,57600,58000,56300,57300,22092218
20241105,0,57800,58100,57200,57600,17484474
20241104,0,58600,59400,58400,58700,15586947
20241101,0,59000,59600,58100,58300,19083180
20241031,0,58500,61200,58300,59200,35809196
20241030,0,59100,59800,58600,59100,19838511
20241029,0,58000,59600,57300,59600,28369314
20241028,0,55700,58500,55700,58100,27775009
20241025,0,56000,56900,55800,55900,25829315
20241024,0,58200,58500,56600,56600,31499922
20241023,0,57500,60000,57100,59100,27300780
20241022,0,58800,58900,57700,57700,27582527
20241021,0,59000,59600,58500,59000,18514905
20241018,0,59900,60100,59100,59200,14420260
20241017,0,59400,60100,59100,59700,23372873
20241016,0,59400,60000,59200,59500,23303268
20241015,0,61100,61400,60100,61000,22715239
20241014,0,59500,61200,59400,60800,20886249
20241011,0,59100,60100,59000,59300,29623969
20241010,0,60100,60200,58900,58900,45262214
20241008,0,60000,61000,59900,60300,27411786
20241007,0,60200,61900,59500,61000,35066533
20241004,0,61000,61700,60500,60600,24247578
20241002,0,60500,61900,59900,61300,28473536
20240930,0,64200,64300,61500,61500,32694163
20240927,0,64700,65400,64200,64200,28433030
20240926,0,63900,64900,63700,64700,37566015
20240925,0,63800,64200,62200,62200,28652438
20240924,0,62800,63400,62400,63200,26957500
20240923,0,62300,63500,62200,62600,28542376
20240920,0,63800,64700,63000,63000,32746056
20240919,0,64000,64400,62200,63100,49402713
20240913,0,65000,65500,64300,64400,25045135
20240912,0,66000,66600,65200,66300,35884106
20240911,0,65100,65500,64200,64900,35809707
20240910,0,67000,67300,66000,66200,30651376
20240909,0,66900,68200,66600,67500,23263298
20240906,0,69100,69700,68000,68900,19022299
20240905,0,70100,71200,69000,69000,25686769
20240904,0,69800,71100,69800,70000,27366563
20240903,0,74100,74300,72500,72500,16314599
20240902,0,74500,74700,73500,74400,12641376
20240830,0,74400,75000,74100,74300,16358520
20240829,0,73600,74700,73500,74000,16884479
20240828,0,75800,76400,75400,76400,9794514
20240827,0,75700,76500,75600,75800,11130145
20240826,0,78100,78200,76000,76100,15655938
20240823,0,77700,78400,77500,77700,9420306
20240822,0,78700,78900,77800,78300,8149101
20240821,0,77900,78600,77800,78300,7805598
20240820,0,79500,79800,78700,78900,10683836
20240819,0,80100,80100,78000,78300,14146565
20240816,0,79400,80200,78700,80200,22061478
20240814,0,77400,77800,77000,77200,13246168
20240813,0,76500,76600,75500,76100,10716261
20240812,0,75200,75900,74800,75500,9839259
20240809,0,75700,75800,74200,74700,16388222
20240808,0,73200,73900,72500,73400,28414729
20240807,0,73000,76000,72800,74700,32710428
20240806,0,74900,75300,72300,72500,47295226
20240805,0,76700,76900,70200,71400,54608790
20240802,0,81000,81400,79500,79600,25800275
20240801,0,86000,86100,83100,83100,20900338
20240731,0,81200,83900,80900,83900,20744323
20240730,0,80400,81000,80000,81000,13169636
20240729,0,81600,82000,81100,81200,12797136
20240726,0,80700,81300,80400,80900,14508334
20240725,0,80400,81000,80100,80400,20323811
20240724,0,82900,83300,81900,82000,16939083
20240723,0,84200,84700,83400,83900,15766389
20240722,0,84400,84900,82600,83000,18987560
20240719,0,85600,86100,84100,84400,18569122
20240718,0,83800,86900,83800,86900,24721790
20240717,0,87100,88000,86400,86700,18186490
20240716,0,86900,88000,86700,87700,16166688
20240715,0,84700,87300,84100,86700,25193080
20240712,0,85900,86100,84100,84400,26344386
20240711,0,88500,88800,86700,87600,24677608
20240710,0,87600,88000,87100,87800,17813847
20240709,0,87800,88200,86900,87800,21336201
20240708,0,87900,88600,86900,87400,24035809
20240705,0,85600,87100,85200,87100,45791193
20240704,0,82900,84700,82400,84600,43857229
20240703,0,82300,82300,81000,81800,11440328
20240702,0,82500,82600,81500,81800,14471904
20240701,0,81500,82100,81300,81800,11317202
20240628,0,81900,81900,80800,81500,9455929
20240627,0,81300,81600,80500,81600,11739720
20240626,0,80100,81400,79900,81300,17783242
20240625,0,80600,81800,80100,80800,19088458
20240624,0,79700,80900,79500,80600,15454227
20240621,0,80700,80800,80000,80000,17907523
20240620,0,81500,82200,81200,81600,20288913
20240619,0,81100,82500,80500,81200,24168863
20240618,0,78700,80200,78600,79800,18207598
20240617,0,79200,79500,78000,78100,16123051
20240614,0,79700,80500,79000,79600,22926612
20240613,0,78400,79000,77800,78600,33763804
20240612,0,75300,77100,75200,76500,19246725
20240611,0,75900,76000,75100,75200,16971175
20240610,0,76100,76600,75600,75700,14598755
20240607,0,78400,78600,77100,77300,21189349
20240605,0,78000,78000,76800,77400,23177968
20240604,0,74900,76100,74900,75300,14098053
20240603,0,74400,76400,74200,75700,15706268
20240531,0,74500,74700,73500,73500,26198776
20240530,0,74800,75200,73500,73500,28551273
20240529,0,77700,78200,75200,75200,30244875
20240528,0,76500,78000,76200,77600,18539072
20240527,0,75300,78200,74000,77200,43825202
20240524,0,76800,77000,75700,75900,27891278
20240523,0,77700,79100,77100,78300,18728087
20240522,0,78100,78700,77300,77700,19521506
20240521,0,78500,79000,78200,78400,13690583
20240520,0,78100,79100,77900,78900,19456783
20240517,0,78600,78800,77200,77400,15918201
20240516,0,80200,80300,78100,78200,20989778
20240514,0,78600,78800,77900,78300,11763992
20240513,0,79400,79900,77600,78400,18652344
20240510,0,80400,81100,78900,79200,16976124
20240509,0,81100,81500,79700,79700,18759935
20240508,0,80800,81400,80500,81300,13089576
20240507,0,79600,81300,79400,81300,26238868
20240503,0,79000,79000,77500,77600,13151889
20240502,0,77600,78600,77300,78000,18900640
20240430,0,77000,78500,76600,77500,19007007
20240429,0,77400,77600,76200,76700,14664474
20240426,0,77800,77900,76500,76700,12755629
20240425,0,77300,77500,76300,76300,15549134
20240424,0,77500,78800,77200,78600,22166150
20240423,0,76400,76800,75500,75500,18717699
20240422,0,77400,77500,75100,76100,30469477
20240419,0,78300,78700,76300,77600,31317563
20240418,0,78800,80100,78300,79600,21370190
20240417,0,80700,80800,78900,78900,22611631
20240416,0,81200,81300,79400,80000,31949845
20240415,0,82900,83200,81200,82200,26663772
20240412,0,84700,84900,83200,83700,17061770
20240411,0,83200,84700,82500,84100,25538009
20240409,0,84500,84900,83100,83600,23725956
20240408,0,85200,86000,84500,84500,18953232
20240405,0,84500,85000,83800,84500,18883752
20240404,0,85200,85500,84300,85300,25248934
20240403,0,84300,85000,83500,84100,30493347
20240402,0,82900,85000,82900,85000,37077944
20240401,0,83200,83300,82000,82000,20116513
20240329,0,81200,82500,80900,82400,27126366
20240328,0,79400,81000,79200,80800,25084812
20240327,0,79200,80000,79200,79800,17424595
20240326,0,79700,80100,79200,79900,30551494
20240325,0,79600,79800,77800,78200,18703996
20240322,0,79600,79900,77800,78900,26724761
20240321,0,79200,79300,77700,79300,44569799
20240320,0,73700,77200,73400,76900,50106297
20240319,0,72300,73000,71700,72800,15376066
20240318,0,72600,73000,72500,72800,11520348
20240315,0,73400,73700,72300,72300,22580555
20240314,0,74400,74500,73600,74300,22545539
20240313,0,73700,74100,73500,74100,15243134
20240312,0,72600,73500,72100,73300,13011654
20240311,0,72900,73100,72300,72400,9740504
20240308,0,72800,73400,72600,73300,19271349
20240307,0,73100,73300,72200,72200,14516963
20240306,0,73200,73500,72700,72900,21547905
20240305,0,74600,74800,73700,73700,19505125
20240304,0,74300,75000,74000,74900,23210474
20240229,0,72600,73400,72000,73400,21176403
20240228,0,72900,73900,72800,73200,11795859
20240227,0,73100,73400,72700,72900,13201981
20240226,0,72300,73200,72200,72800,14669352
20240223,0,73600,74200,72900,72900,16225166
20240222,0,73800,73900,72700,73100,15208934
20240221,0,73400,73700,72900,73000,11503495
20240220,0,73700,73700,72800,73300,14681477
20240219,0,72800,73900,72800,73800,12726404
20240216,0,73300,73400,72500,72800,13444781
20240215,0,74200,74400,73000,73000,14120600
20240214,0,73700,74300,73700,74000,12434945
20240213,0,74800,75200,74400,75200,21966745
20240208,0,75000,75200,73600,74100,20810708
20240207,0,74600,75500,74300,75000,16566445
20240206,0,74300,74700,73300,74400,14559254
20240205,0,74200,74800,73500,74300,19026021
20240202,0,74000,75200,73700,75200,14955881
20240201,0,73000,74200,72900,73600,19881033
20240131,0,73400,74000,72500,72700,15703560
20240130,0,75000,75300,73700,74300,12244418
20240129,0,73800,75200,73500,74400,13976521
20240126,0,73700,74500,73300,73400,11160062
20240125,0,74200,74800,73700,74100,11737747
20240124,0,75200,75200,73500,74000,12860661
20240123,0,75700,75800,74300,75200,14786224
20240122,0,75900,76000,75000,75100,19673375
20240119,0,73500,74700,73000,74700,23363427
20240118,0,71600,72000,70700,71700,17853397
20240117,0,73100,73300,71000,71000,22683660
20240116,0,73500,73700,72500,72600,14760415
20240115,0,73200,74000,73200,73900,13212339
20240112,0,73000,74100,72800,73100,13038939
20240111,0,72900,73600,72700,73200,57691266
20240110,0,75000,75200,73200,73600,20259529
20240109,0,77400,77700,74300,74700,26019249
20240108,0,77000,77500,76400,76500,11088724
20240105,0,76700,77100,76400,76600,11304316
20240104,0,76100,77300,76100,76600,15324439
20240103,0,78500,78800,77000,77000,21753644
20240102,0,78200,79800,78200,79600,17142847
20231228,0,77700,78500,77500,78500,17797536
20231227,0,76700,78000,76500,78000,20651042
20231226,0,76100,76700,75700,76600,13164909
20231222,0,75800,76300,75400,75900,14515608
20231221,0,74600,75000,74300,75000,13478766
20231220,0,74200,74900,73800,74800,16870156
20231219,0,73000,73400,72800,73400,8907632
20231218,0,73300,73400,72800,72900,9690551
20231215,0,73800,74000,73200,73300,15419815
20231214,0,74100,74300,72500,73100,27567593
20231213,0,73300,73500,72800,72800,13116766
20231212,0,73300,73500,73100,73500,13758646
20231211,0,72800,73000,72200,73000,9861960
20231208,0,72100,72800,71900,72600,10859463
20231207,0,71800,71900,71100,71500,8862017
20231206,0,71800,72100,71600,71700,8123087
20231205,0,72300,72400,71200,71200,12129682
20231204,0,72800,72900,72400,72600,10229267
20231201,0,72400,72500,71700,72000,9871284
20231130,0,72700,72800,72200,72800,15783714
20231129,0,72400,72800,72200,72700,9283933
20231128,0,71400,72700,71300,72700,13283081
20231127,0,71500,72100,71100,71300,9113857
20231124,0,72400,72600,71700,71700,6676685
20231123,0,73000,73200,72200,72400,6775614
20231122,0,72200,73000,71900,72800,11105143
20231121,0,73100,73400,72700,72800,9712881
20231120,0,72100,73000,72100,72700,10610157
20231117,0,72300,73000,72300,72500,11494644
20231116,0,72500,73000,72300,72800,15860451
20231115,0,71600,72200,71500,72200,20148677
20231114,0,71000,71100,70600,70800,9567984
20231113,0,71300,71300,70300,70400,9246919
20231110,0,70000,70500,69500,70500,9684347
20231109,0,69900,70800,69600,70300,12301373
20231108,0,71300,71400,69700,69900,12901310
20231107,0,70600,70900,70000,70900,17228731
20231106,0,69800,70900,69300,70900,22228489
20231103,0,69700,70200,69500,69600,10322234
20231102,0,70000,70000,69400,69700,16350031
20231101,0,67500,68900,67300,68600,13775256
20231031,0,67600,68300,66900,66900,14488892
20231030,0,66800,67800,66700,67300,10139270
20231027,0,67100,67300,66700,67300,11334726
20231026,0,67000,67900,66700,66700,15517624
20231025,0,68800,68800,67900,68000,10610703
20231024,0,68700,68800,67700,68500,12791710
20231023,0,68700,69100,68200,68400,11625959
20231020,0,68900,69200,68100,68800,15204495
20231019,0,69700,70000,69400,69500,13985012
20231018,0,68900,70500,68800,70500,16493184
20231017,0,67700,69900,67400,69400,17299253
20231016,0,67900,68500,66800,67300,12599299
20231013,0,68000,68500,67700,68000,9724086
20231012,0,68600,69700,68200,68900,19311380
20231011,0,68600,69400,67900,68200,25209349
20231010,0,66200,67600,66200,66400,19889202
20231006,0,67100,67300,66000,66000,14386527
20231005,0,67300,67400,66700,66700,16108313
20231004,0,67400,67700,66700,67500,23361149
20230927,0,68600,69100,68200,68400,14886491
20230926,0,70000,70000,68400,68600,13143470
20230925,0,68500,69700,68500,69400,13582516
20230922,0,68300,68900,68300,68800,9897840
20230921,0,69200,69800,68800,68900,10796336
20230920,0,70000,70300,69500,69600,10873015
20230919,0,70400,70800,69600,69800,11820188
20230918,0,71300,71700,70200,70200,16040727
20230915,0,71700,72300,71400,72000,17823512
20230914,0,71200,71800,70800,71700,21041407
20230913,0,71100,71600,70300,70900,15955797
20230912,0,70800,71000,70400,70500,11688599
20230911,0,70400,70800,70000,70800,11785462
20230908,0,70200,70300,69600,70300,10688118
20230907,0,70000,70600,69600,70400,13741241
20230906,0,70700,70800,69700,70000,11414620
20230905,0,70900,71500,70200,70700,12330239
20230904,0,72900,72900,70700,71200,26286495
20230901,0,66800,71000,66700,71000,29738235
20230831,0,67100,67200,66400,66900,15964630
20230830,0,67300,67700,67100,67100,9181223
20230829,0,66900,67200,66600,66800,9114352
20230828,0,66800,67000,66500,66800,5824628
20230825,0,67100,67400,66900,67100,7032462
20230824,0,68300,68700,67900,68200,15044463
20230823,0,66700,67100,66400,67100,9549352
20230822,0,67200,67700,66300,66600,10500242
20230821,0,66600,67100,66300,66600,9720067
20230818,0,66000,66700,65800,66300,11745006
20230817,0,66300,66800,66000,66700,10778652
20230816,0,66700,67100,66300,67000,13174578
20230814,0,67500,67900,66900,67300,9352343
20230811,0,68400,68800,67500,67500,9781038
20230810,0,68300,68500,67800,68000,10227311
20230809,0,68000,69600,67900,68900,17259673
20230808,0,69000,69100,67400,67600,14664709
20230807,0,67700,69200,67600,68500,10968505
20230804,0,68800,69100,68200,68300,12360193
20230803,0,69900,70200,68500,68800,20087090
20230802,0,70700,71000,69800,69900,13835020
20230801,0,70100,71200,70000,71100,12299254
20230731,0,70900,71000,69800,69800,13035420
20230728,0,71800,72400,70100,70600,19420683
20230727,0,69900,71700,69300,71700,24261179
20230726,0,69800,70600,68100,69800,30016221
20230725,0,70000,70500,69800,70000,14314945
20230724,0,70100,70900,69900,70400,13418597
20230721,0,70400,70400,69400,70300,16528926
20230720,0,71100,71500,70800,71000,9732730
20230719,0,72700,72800,71300,71700,10896412
20230718,0,73200,73500,72000,72000,11697900
20230717,0,73200,73500,72800,73300,10060049
20230714,0,72500,73400,72400,73400,15882519
20230713,0,72400,72600,71900,71900,14417279
20230712,0,71200,72000,71100,71900,10375581
20230711,0,70200,71500,70100,71500,12177392
20230710,0,70000,70400,69200,69500,11713926
20230707,0,71100,71400,69800,69900,17308877
20230706,0,71900,72400,71500,71600,14777667
20230705,0,73000,73300,71900,72000,12310610
20230704,0,73400,73600,72900,73000,10214350
20230703,0,72700,73200,72600,73000,10722181
20230630,0,72500,72700,71700,72200,11694765
20230629,0,73100,73400,72400,72400,12229967
20230628,0,72600,72700,72000,72700,8783093
20230627,0,72500,72600,72000,72600,9442997
20230626,0,71700,72500,71500,72400,10541901
20230623,0,72000,72200,71600,71600,12329484
20230622,0,70200,71500,70100,71300,11411007
20230621,0,70700,71200,70400,70500,10626603
20230620,0,70700,71400,70400,71400,11557883
20230619,0,71300,71700,70900,71200,11100887
20230616,0,71800,71900,70900,71800,15373696
20230615,0,72100,72300,71300,71500,13614994
20230614,0,72100,72200,71100,71900,12541046
20230613,0,71700,72200,71600,72000,13227285
20230612,0,72100,72400,70800,71000,12064287
20230609,0,71100,72300,70800,72000,15050209
20230608,0,70400,70900,70000,70900,19165568
20230607,0,71300,71600,70800,71000,14796613
20230605,0,72700,72700,71400,71700,12686829
20230602,0,71700,72200,71600,72200,12161798
20230601,0,70900,71600,70600,70900,14669296
20230531,0,72400,72500,71000,71400,25666087
20230530,0,71300,72300,71200,72300,27476897
20230526,0,69800,70400,69500,70300,19549511
20230525,0,69900,70000,68700,68800,14231160
20230524,0,68100,68700,68000,68500,8192896
20230523,0,68500,68700,68100,68400,8561643
20230522,0,68400,69000,68000,68500,14470308
20230519,0,67800,68400,67500,68400,20349345
20230518,0,66000,66200,65700,66200,14431704
20230517,0,65900,65900,64800,65000,10745504
20230516,0,65800,65900,65300,65400,12334657
20230515,0,64100,64600,63900,64500,8172021
20230512,0,63700,64600,63600,64100,8693913
20230511,0,64700,65100,64200,64200,11648905
20230510,0,65500,65500,64300,64600,13057727
20230509,0,65800,65800,65100,65300,9366861
20230508,0,66300,66300,65400,65900,9405365
20230504,0,65600,65700,64700,65100,9791064
20230503,0,65100,65600,64900,65400,8876749
20230502,0,66000,66300,65100,65700,14396948
20230428,0,65200,65900,65000,65500,19699481
20230427,0,64100,65000,63300,64600,14779601
20230426,0,63600,64300,63300,64100,12664541
20230425,0,65300,65400,63400,63600,16193271
20230424,0,65300,65700,64800,65200,12986581
20230421,0,65800,65900,65400,65700,10538622
20230420,0,65100,65300,64600,65300,9501169
20230419,0,65500,65800,65300,65500,10255985
20230418,0,65900,66000,64800,65600,14802060
20230417,0,65000,65600,64700,65300,13486618
20230414,0,66600,66600,65000,65100,16176490
20230413,0,65600,66100,65400,66100,15091022
20230412,0,65800,66200,65300,66000,15021313
20230411,0,66200,66200,65400,65900,16323183
20230410,0,64800,66300,64700,65700,18777166
20230407,0,63800,65200,63800,65000,27476120
20230406,0,63500,63600,62300,62300,14992747
20230405,0,63700,64000,63400,63900,9176149
20230404,0,63400,63800,62800,63600,11120514
20230403,0,64000,64000,63000,63100,11973133
20230331,0,64000,64000,63700,64000,14094479
20230330,0,63700,63700,63100,63200,15684377
20230329,0,62500,62700,62200,62700,11216008
20230328,0,62400,62900,62100,62900,11614118
20230327,0,62600,62800,62000,62100,11039331
20230324,0,62700,63300,62300,63000,18278602
20230323,0,60600,62300,60600,62300,15381057
20230322,0,61000,61200,60500,61100,8978591
20230321,0,60500,60700,60100,60300,8318514
20230320,0,61100,61200,60200,60200,9618009
20230317,0,60800,61300,60600,61300,14090110
20230316,0,59200,60200,59100,59900,10611939
20230315,0,60000,60300,59600,59800,10482149
20230314,0,59400,59500,59000,59000,12147346
20230313,0,59900,60200,59300,60000,12779724
20230310,0,59500,59700,59100,59500,11902471
20230309,0,60500,60800,59900,60100,14334499
20230308,0,60100,60500,59900,60300,14161857
20230307,0,61400,61400,60700,60700,11473280
20230306,0,61100,61600,60800,61500,13630602
20230303,0,61000,61200,60500,60500,10711405
20230302,0,60900,61800,60500,60800,13095682
20230228,0,60800,61400,60500,60600,13715861
20230227,0,60800,60800,60200,60500,11155697
20230224,0,62300,62600,61300,61300,10308143
20230223,0,61700,62500,61500,62000,13047099
20230222,0,61500,61800,61000,61100,11959088
20230221,0,62700,62800,62000,62100,7665046
20230220,0,62900,63000,61800,62700,12908073
20230217,0,62900,63300,62400,62600,10791265
20230216,0,62500,63700,62400,63700,13798831
20230215,0,63900,63900,62000,62200,13208103
20230214,0,63600,63900,63200,63200,9126664
20230213,0,62900,63000,62300,62900,10730362
20230210,0,62600,63000,62400,62800,9382576
20230209,0,63000,63300,62300,63000,12164865
20230208,0,62800,63300,62400,63100,12243125
20230207,0,61900,62500,61600,61900,14491039
20230206,0,62800,63000,61600,61600,15529356
20230203,0,63900,64000,63000,63800,15194598
20230202,0,63200,63900,62600,63500,23285983
20230201,0,62600,62700,61000,61800,18570133
20230131,0,63500,63700,61000,61000,29746731
20230130,0,64900,64900,63100,63300,20995234
20230127,0,64400,65000,63900,64600,18760182
20230126,0,63800,63900,63300,63900,13278277
20230125,0,63500,63700,63000,63400,16822710
20230120,0,62100,62300,61100,61800,9646327
20230119,0,60500,61500,60400,61500,12808490
20230118,0,60700,61000,59900,60400,11584041
20230117,0,61200,61500,60600,61000,9831456
20230116,0,61300,61600,60800,61100,10039972
20230113,0,60500,61200,60400,60800,12510328
20230112,0,61100,61200,59900,60500,16102561
20230111,0,61000,61200,60300,60500,12310751
20230110,0,60200,61100,59900,60400,14859797
20230109,0,59700,60700,59600,60700,18640107
20230106,0,58300,59400,57900,59000,17334989
20230105,0,58200,58800,57600,58200,15682826
20230104,0,55700,58000,55600,57800,20188071
20230103,0,55400,56000,54500,55400,13547030
20230102,0,55500,56100,55200,55500,10031448
20221229,0,56000,56200,55300,55300,11295935
20221228,0,57600,57600,56400,56600,14665410
20221227,0,58000,58400,57900,58100,10667027
20221226,0,58000,58100,57700,57900,6756411
20221223,0,58200,58400,57700,58100,9829407
20221222,0,58100,59100,58100,59100,10720630
20221221,0,58700,59100,58000,58000,10356971
20221220,0,59000,59100,58500,58600,9284761
20221219,0,59500,59900,59100,59500,7696187
20221216,0,58300,59500,58300,59500,13033596
20221215,0,59800,60200,59300,59300,8716039
20221214,0,59800,60600,59800,60500,8207485
20221213,0,59600,60300,59400,59700,9040873
20221212,0,59900,60000,59400,59500,9036472
20221209,0,59300,60600,59300,60400,10529632
20221208,0,58700,59200,58600,59200,12986815
20221207,0,58800,59600,58500,58900,12100662
20221206,0,59800,60100,59200,59200,13888300
20221205,0,60900,61100,60000,60300,13767787
20221202,0,62500,62500,60400,60400,15331184
20221201,0,63100,63200,62300,62600,16631445
20221130,0,60400,62200,60200,62200,19768903
20221129,0,59900,60600,59800,60600,7014160
20221128,0,60500,60500,59800,60100,8589032
20221125,0,61400,61700,60800,61000,6677933
20221124,0,61200,61700,60900,61400,8125010
20221123,0,61200,61300,60700,61000,8765050
20221122,0,60900,61200,60300,60600,9411289
20221121,0,61400,61800,60800,61400,9378097
20221118,0,61800,62400,61400,61800,12236503
20221117,0,62000,62000,61300,61400,13298296
20221116,0,62400,62700,61700,62700,12909260
20221115,0,62200,62500,61600,62400,12310986
20221114,0,62900,62900,61700,61900,15973416
20221111,0,63100,63200,62300,62900,20037163
20221110,0,61400,61500,60400,60400,21087633
20221109,0,62000,62200,61300,62000,14045592
20221108,0,60500,61900,60500,61800,18273898
20221107,0,59700,60300,59400,60200,12437246
20221104,0,59100,59500,58400,59400,12445841
20221103,0,58600,59800,58100,59200,17492162
20221102,0,59700,60000,59300,59600,13202919
20221101,0,59900,60300,59500,60000,17201647
20221031,0,58100,59900,58000,59400,18999514
20221028,0,58900,59200,57200,57300,20924937
20221027,0,59700,60100,58900,59500,21756712
20221026,0,58000,59600,57700,59400,20824967
20221025,0,57000,58600,57000,57700,17405678
20221024,0,57000,57500,56700,57500,16944503
20221021,0,55100,56300,55100,55900,11456060
20221020,0,55200,56000,55100,55500,17107653
20221019,0,56700,56900,55700,55800,12660652
20221018,0,56700,57100,55800,56500,14820702
20221017,0,55800,57000,55700,56600,13641878
20221014,0,56200,56500,55800,56300,12924326
20221013,0,55400,56100,55200,55200,13784602
20221012,0,55700,57000,55200,55800,18408910
20221011,0,54400,55700,54000,55400,21437877
20221007,0,55900,56900,55200,56200,16886813
20221006,0,56700,57300,56300,56300,14944446
20221005,0,56900,57200,55400,56000,22458970
20221004,0,55300,55400,54500,55200,19148435
20220930,0,52300,53600,51800,53100,22503249
20220929,0,53300,53700,52600,52600,13882080
20220928,0,53900,54400,52500,52900,19991129
20220927,0,53800,54200,53500,54200,16631289
20220926,0,53700,54200,53600,53900,15008449
20220923,0,54400,54900,54200,54500,10555964
20220922,0,54600,54700,54300,54400,12786510
20220921,0,55400,55500,55000,55300,11863700
20220920,0,56400,57000,55800,55800,14041465
20220919,0,56300,57000,56000,56400,12278653
20220916,0,55600,56400,55500,56200,13456503
20220915,0,57000,57100,56000,56000,11664819
20220914,0,56200,57200,56100,56800,12524961
20220913,0,57000,58500,56800,58100,17166581
20220908,0,56200,56400,55600,55600,18000016
20220907,0,56700,56700,55900,56000,17384854
20220906,0,57200,57600,56900,57100,7503086
20220905,0,57400,57800,56800,57100,11425977
20220902,0,58300,58600,57500,57500,15040310
20220901,0,58700,58900,58300,58400,14905777
20220831,0,58200,59900,58200,59700,14203512
20220830,0,58700,59000,58300,58800,9690044
20220829,0,58700,58900,58600,58600,9841329
20220826,0,60300,60900,59900,60000,9499995
20220825,0,59200,59700,59000,59700,5767902
20220824,0,59200,59500,59000,59000,8888486
20220823,0,59000,59600,59000,59100,9041629
20220822,0,60300,60400,59800,60000,8259865
20220819,0,61400,61600,60600,60900,6923679
20220818,0,60300,61900,60000,61500,16372754
20220817,0,61100,61200,60300,60400,9061518
20220816,0,60500,61600,60300,61000,15036727
20220812,0,59500,60700,59400,60200,10786658
20220811,0,59600,60000,59300,59900,15141941
20220810,0,58900,59200,58600,59100,18084349
20220809,0,60600,60700,59600,60000,18251170
20220808,0,61400,61400,60600,60800,11313150
20220805,0,61700,61900,61200,61500,9567620
20220804,0,61700,61800,61200,61500,9125439
20220803,0,61600,61600,61000,61300,10053861
20220802,0,61200,61900,61000,61700,13614895
20220801,0,61000,61700,60300,61300,13154816
20220729,0,62400,62600,61300,61400,15093120
20220728,0,62300,62600,61600,61900,10745302
20220727,0,61300,61900,61200,61800,7320997
20220726,0,60800,61900,60800,61700,6597211
20220725,0,60900,61900,60800,61100,9193681
20220722,0,61800,62200,61200,61300,10261310
20220721,0,61100,61900,60700,61800,12291374
20220720,0,61800,62100,60500,60500,16782238
20220719,0,61400,61500,60200,60900,15248261
20220718,0,60600,62000,60500,61900,20832517
20220715,0,58400,60000,58100,60000,18685583
20220714,0,57500,58200,57400,57500,15067012
20220713,0,58300,58600,58000,58000,10841315
20220712,0,58600,58700,58100,58100,9336061
20220711,0,59300,59600,58700,58800,13042624
20220708,0,58600,59300,58200,58700,15339271
20220707,0,56400,58700,56300,58200,21322833
20220706,0,57300,57300,56400,56400,16820461
20220705,0,57600,58200,57200,57200,14216539
20220704,0,56100,57400,55700,57100,17807126
20220701,0,56900,57500,55900,56200,24982097
20220630,0,57200,57600,57000,57000,18915142
20220629,0,58500,58800,58000,58000,14677138
20220628,0,59200,59500,58700,59400,13540538
20220627,0,59000,59900,58300,58800,18122236
20220624,0,57900,59100,57700,58400,23256103
20220623,0,57700,58000,56800,57400,28338608
20220622,0,59000,59100,57600,57600,23334687
20220621,0,58700,59200,58200,58500,25148109
20220620,0,59800,59900,58100,58700,34111306
20220617,0,59400,59900,59400,59800,29053450
20220616,0,61300,61800,60500,60900,23394895
20220615,0,61300,61500,60200,60700,26811224
20220614,0,61200,62200,61100,61900,24606419
20220613,0,62400,62800,62100,62100,22157816
20220610,0,64000,64400,63800,63800,22193552
20220609,0,65100,65200,64500,65200,25790725
20220608,0,65400,65700,65300,65300,12483180
20220607,0,66200,66400,65400,65500,19355755
20220603,0,67200,67300,66800,66800,8222883
20220602,0,66600,67000,66400,66700,14959443
20220531,0,67500,67500,66700,67400,24365002
20220530,0,67500,67800,66900,67700,14255484
20220527,0,66700,66900,66200,66500,11405555
20220526,0,66300,67200,65500,65900,15970890
20220525,0,66700,67100,65900,66400,15150490
20220524,0,67500,67700,66500,66500,15482576
20220523,0,68800,68800,67600,67900,13684088
20220520,0,67800,68400,67700,68000,12109671
20220519,0,66500,67600,66500,67500,17073727
20220518,0,68300,68700,67600,68100,16486319
20220517,0,66600,67900,66600,67600,15680447
20220516,0,67100,67400,66100,66300,11937555
20220513,0,65300,66700,65200,66500,14551536
20220512,0,65200,65500,64900,64900,16414188
20220511,0,65500,66300,65200,65700,12330920
20220510,0,65900,66300,65300,65700,17235605
20220509,0,66300,66900,66100,66100,11858736
20220506,0,67000,67100,66500,66500,14356156
20220504,0,68000,68400,67500,67900,11505248
20220503,0,67400,68400,67300,67500,14168875
20220502,0,66600,67600,66500,67300,14106184
20220429,0,65100,67600,65000,67400,26190390
20220428,0,65400,65500,64500,64800,16895527
20220427,0,65400,65500,64900,65000,18122084
20220426,0,66400,66700,66100,66100,12946923
20220425,0,66500,66700,66300,66300,11016474
20220422,0,67200,67300,66700,67000,11791478
20220421,0,67600,68300,67500,67700,12847448
20220420,0,67000,67400,66500,67400,16693293
20220419,0,67100,68000,67000,67300,12959434
20220418,0,66500,67100,66100,66700,10119203
20220415,0,67200,67300,66500,66600,13176415
20220414,0,68700,68700,67500,67500,16409494
20220413,0,67300,69000,67200,68700,17378619
20220412,0,67600,67700,67000,67000,13924389
20220411,0,67800,68100,67400,67900,12263735
20220408,0,68100,68300,67700,67800,15453191
20220407,0,68500,68500,68000,68000,20683327
20220406,0,68600,68800,68500,68500,15517308
20220405,0,69400,69600,69100,69200,8467248
20220404,0,68900,69300,68600,69300,11107905
20220401,0,69500,69500,69000,69100,15916846
20220331,0,69900,70200,69600,69600,12510366
20220330,0,70300,70500,69800,69900,12670187
20220329,0,70000,70300,69800,70200,13686208
20220328,0,69500,69900,69200,69700,12619289
20220325,0,70100,70200,69600,69800,12986010
20220324,0,69600,70300,69600,69800,37943357
20220323,0,70600,71200,70300,70500,12398025
20220322,0,69900,70500,69900,70300,9402666
20220321,0,70900,71000,69900,69900,11169002
20220318,0,70600,70900,70200,70700,14410038
20220317,0,71200,71800,70900,71200,17646315
20220316,0,70200,70500,69700,70400,10175750
20220315,0,69800,70100,69500,69500,10258562
20220314,0,70000,70200,69600,70200,9040993
20220311,0,70500,70700,69700,70000,15787655
20220310,0,70800,71200,70500,71200,21159248
20220308,0,68800,70000,68700,69500,15828269
20220307,0,70000,70600,69900,70100,18617138
20220304,0,72700,72700,71200,71500,13409634
20220303,0,72300,73100,72200,72900,13232638
20220302,0,72300,72400,71500,71700,12481430
20220228,0,71100,72100,71000,72100,17781783
20220225,0,72100,72600,71900,71900,13168484
20220224,0,72300,72300,71300,71500,15759283
20220223,0,73800,73800,72800,73000,10397964
20220222,0,73000,73400,72800,73400,11692469
20220221,0,73200,74300,72600,74200,10489717
20220218,0,74600,74800,73700,74300,10122226
20220217,0,75000,75600,74500,75000,13605382
20220216,0,74600,74900,74200,74800,10767386
20220215,0,74100,74200,73100,73700,9320365
20220214,0,74400,74500,73100,73700,13993255
20220211,0,75000,75500,74600,74900,12205407
20220210,0,75600,75800,74700,75400,17746033
20220209,0,74300,74700,74000,74700,9699122
20220208,0,73800,74200,73000,73500,11736666
20220207,0,73500,73600,72400,73000,14240838
20220204,0,74300,74600,73400,74000,12730034
20220203,0,74900,74900,73300,73300,17744721
20220128,0,71300,73700,71200,73300,21367447
20220127,0,73800,74000,71300,71300,22274777
20220126,0,73900,74400,73100,73300,12976730
20220125,0,74800,75000,73200,74000,17766704
20220124,0,75400,75800,74700,75100,13691134
20220121,0,75800,75800,74700,75600,15774888
20220120,0,76200,76700,75900,76500,9708168
20220119,0,76500,76900,76100,76300,10598290
20220118,0,77600,77800,76600,77000,9592788
20220117,0,77600,77800,76900,77500,8785122
20220114,0,77700,78100,77100,77300,10096725
20220113,0,79300,79300,77900,77900,13889401
20220112,0,79500,79600,78600,78900,11000502
20220111,0,78400,79000,78000,78900,13221123
20220110,0,78100,78100,77100,78000,9947422
20220107,0,78100,78400,77400,78300,15163757
20220106,0,76700,77600,76600,76900,12931954
20220105,0,78800,79000,76400,77400,25470640
20220104,0,78800,79200,78300,78700,12427416
20220103,0,79400,79800,78200,78600,13502112
20211230,0,78900,79500,78100,78300,14236700
20211229,0,80200,80200,78500,78800,19794795
20211228,0,80200,80400,79700,80300,18226325
20211227,0,80600,80600,79800,80200,10783368
20211224,0,80200,80800,80200,80500,12086380
20211223,0,79800,80000,79300,79900,13577498
20211222,0,78900,79400,78800,79400,17105892
20211221,0,77900,78300,77500,78100,14245298
20211220,0,77600,77800,76800,77100,11264375
20211217,0,76800,78000,76800,78000,13108479
20211216,0,78500,78500,77400,77800,11996128
20211215,0,76400,77600,76300,77600,9584939
20211214,0,76500,77200,76200,77000,10976660
20211213,0,77200,78300,76500,76800,15038750
20211210,0,77400,77600,76800,76900,9155219
20211209,0,77400,78200,77000,78200,21604528
20211208,0,78300,78600,77100,77400,21558340
20211207,0,76100,77700,75600,77400,19232453
20211206,0,75100,76700,74900,76300,16391250
20211203,0,75600,76000,74100,75600,18330240
20211202,0,73900,75800,73800,75800,23652940
20211201,0,72000,74800,71600,74400,21954856
20211130,0,73200,73900,70500,71300,30364841
20211129,0,71700,73000,71400,72300,16682559
20211126,0,73500,74100,72000,72300,13002242
20211125,0,75100,75100,73600,73700,12559258
20211124,0,76000,76200,74100,74800,15652305
20211123,0,76000,76000,74500,75300,22029195
20211122,0,73300,75200,73000,74900,27506623
20211119,0,70400,71400,70100,71200,11954728
20211118,0,70700,71000,70200,70200,10144957
20211117,0,71300,71600,70600,70700,11027606
20211116,0,71500,72000,71300,71300,10919239
20211115,0,71700,71900,70900,71400,12420710
20211112,0,70200,70900,69900,70600,10087450
20211111,0,69900,70000,69600,69900,11489122
20211110,0,70300,70900,70200,70200,9422009
20211109,0,70300,71000,70100,70500,11159589
20211108,0,70400,70600,69800,70600,11121981
20211105,0,71600,71600,70200,70200,12667743
20211104,0,71200,71600,70500,70600,11818987
20211103,0,71700,71700,70100,70400,12770428
20211102,0,70800,72200,70700,71500,16812570
20211101,0,70200,70600,69900,69900,11503729
20211029,0,71200,71600,69700,69800,17016151
20211028,0,69500,72200,69500,70700,20644902
20211027,0,71000,71000,70000,70100,10295316
20211026,0,70600,71500,70400,71100,10528252
20211025,0,69900,70600,69500,70200,10029621
20211022,0,70000,70700,70000,70400,8395448
20211021,0,70300,70600,70000,70200,10891094
20211020,0,70700,71000,70200,70300,10151638
20211019,0,70800,71000,70400,70600,9507991
20211018,0,70200,70300,69200,70200,13486391
20211015,0,70200,71000,70000,70100,18051612
20211014,0,69000,69800,68800,69400,19520641
20211013,0,68700,69600,68300,68800,24172015
20211012,0,70700,70900,68700,69000,31001484
20211008,0,72300,72400,71500,71500,14043287
20211007,0,71600,72100,71300,71600,13683532
20211006,0,72600,72800,71200,71300,18956962
20211005,0,73000,73000,71400,72200,24013921
20211001,0,73900,74000,72900,73200,15803395
20210930,0,74300,74800,73700,74100,19919361
20210929,0,74800,75300,73800,74100,23992458
20210928,0,77700,77800,76200,76300,15406382
20210927,0,77300,77700,77000,77700,11699798
20210924,0,77600,77700,77100,77300,12247274
20210923,0,77500,77600,76800,77400,17055590
20210917,0,76300,77200,75900,77200,16289502
20210916,0,77300,77400,76100,76100,13067622
20210915,0,77400,77400,76400,77000,12829128
20210914,0,77100,77700,76600,76600,18167057
20210913,0,75200,76300,75100,76300,11397775
20210910,0,75300,75600,74800,75300,10103212
20210909,0,76400,76600,75000,75300,17600770
20210908,0,76000,76400,75600,76300,11798147
20210907,0,77100,77100,75900,76100,13239401
20210906,0,76800,77600,76600,77300,12861180
20210903,0,76400,76700,76000,76600,12096419
20210902,0,76800,76800,75700,76000,15347486
20210901,0,76700,77100,75900,76800,16114775
20210831,0,74900,76700,74300,76700,24630370
20210830,0,75400,75500,74200,74600,12686999
20210827,0,74300,75000,73800,74300,15172748
20210826,0,76100,76200,74600,74600,16671494
20210825,0,76200,76600,74900,75700,22319664
20210824,0,73900,75700,73900,75600,21016913
20210823,0,73300,74000,73000,73300,19384648
20210820,0,73500,73900,72500,72700,22364803
20210819,0,73500,74400,73100,73100,22166298
20210818,0,73900,74600,73100,73900,29192631
20210817,0,74000,75100,74000,74200,30944847
20210813,0,75800,76000,74100,74400,61270643
20210812,0,77100,78200,76900,77000,42365223
20210811,0,79600,79800,78500,78500,30241137
20210810,0,82300,82400,80100,80200,20362639
20210809,0,81500,82300,80900,81500,15522581
20210806,0,81900,82500,81300,81500,13342623
20210805,0,83300,83300,82000,82100,18485469
20210804,0,82200,83100,81800,82900,25642368
20210803,0,79400,81400,79300,81400,24339360
20210802,0,79200,79500,78700,79300,11739124
20210730,0,78900,78900,78500,78500,13823411
20210729,0,78800,79400,78800,79000,14360453
20210728,0,78300,79200,78100,79200,12743417
20210727,0,79200,79400,78500,78500,11427693
20210726,0,79400,79500,78800,78800,10040975
20210723,0,79700,79900,79200,79300,9098910
20210722,0,79000,79800,78900,79700,12618790
20210721,0,79000,79100,78500,78500,12355296
20210720,0,78500,79000,78400,79000,12456646
20210719,0,79100,79200,78800,79000,13155414
20210716,0,80100,80100,79500,79800,10859399
20210715,0,79800,80600,79500,80600,13766279
20210714,0,79400,79600,79100,79500,11575636
20210713,0,80000,80200,79800,79800,9863450
20210712,0,79900,80000,79500,79700,9768108
20210709,0,79600,79800,79000,79400,22720577
20210708,0,81100,81200,79900,79900,16660998
20210707,0,81200,81300,80300,80800,15992202
20210706,0,80600,81200,80500,81200,12131651
20210705,0,80100,80800,80000,80400,8330969
20210702,0,80000,80400,79900,80000,8753097
20210701,0,80500,80600,80000,80100,13382882
20210630,0,81100,81400,80700,80700,13288643
20210629,0,81900,82100,80800,81000,15744317
20210628,0,81700,82000,81600,81900,11578529
20210625,0,81500,81900,81200,81600,13481405
20210624,0,80400,81400,80100,81200,18771080
20210623,0,80500,80600,79900,80100,13856548
20210622,0,80200,80300,79900,80000,11773365
20210621,0,79700,80000,79600,79900,16063340
20210618,0,81100,81100,80500,80500,14916721
20210617,0,81100,81300,80700,80900,14007385
20210616,0,81500,81900,81100,81800,14999855
20210615,0,80900,81200,80600,80900,10075685
20210614,0,80800,80900,80500,80500,10550078
20210611,0,81200,81700,80700,81000,14087962
20210610,0,81300,81400,80900,81000,17586995
20210609,0,81500,82000,81100,81100,14908823
20210608,0,82300,82600,81800,81900,12781226
20210607,0,82700,82800,81600,81900,16496197
20210604,0,82700,82700,81500,82200,18112259
20210603,0,81300,83000,81100,82800,29546007
20210602,0,80400,81400,80300,80800,16414644
20210601,0,80500,81300,80100,80600,14058401
20210531,0,80300,80600,79600,80500,13321324
20210528,0,79800,80400,79400,80100,12360199
20210527,0,80000,80000,79100,79600,23198510
20210526,0,80400,80500,79700,79800,11984359
20210525,0,80000,80400,79800,79900,13628942
20210524,0,80100,80400,79500,79700,13398666
20210521,0,80100,81500,79800,80100,20961714
20210520,0,79400,79700,79100,79500,16541828
20210518,0,79600,80000,79100,79600,17494407
20210517,0,80800,80900,79200,79600,17740855
20210514,0,79000,80300,78900,80100,16450920
20210513,0,78900,79600,78400,78500,31490096
20210512,0,80800,81200,79800,80000,35812268
20210511,0,82500,82600,81100,81200,28996680
20210510,0,82300,83500,81800,83200,19385027
20210507,0,81800,82100,81500,81900,14154882
20210506,0,81700,82300,81700,82300,17047511
20210504,0,81900,82600,81800,82600,12532550
20210503,0,81000,82400,81000,81700,15710336
20210430,0,81900,82100,81500,81500,18673197
20210429,0,82400,82500,81500,81700,20000973
20210428,0,83200,83200,82100,82100,15596759
20210427,0,83200,83300,82500,82900,12941533
20210426,0,82900,83500,82600,83500,15489938
20210423,0,81900,82900,81600,82800,17805080
20210422,0,82900,83000,82400,82400,13934746
20210421,0,83300,83500,82500,82600,21636079
20210420,0,83300,84000,83100,83900,15521965
20210419,0,83800,84000,83300,83300,15287311
20210416,0,84700,84700,83600,83900,15429522
20210415,0,83700,84500,83400,84100,16377412
20210414,0,84000,84300,83400,84000,13794652
20210413,0,83000,84500,82800,84000,15238206
20210412,0,84100,84100,83100,83200,12915282
20210409,0,84700,84900,83400,83600,18193707
20210408,0,85700,85700,84100,84700,19244259
20210407,0,86100,86200,85400,85600,17885538
20210406,0,86200,86200,85100,86000,19042023
20210405,0,85800,86000,84800,85400,16255990
20210402,0,84000,85200,83900,84800,22997538
20210401,0,82500,83000,82000,82900,18676461
20210331,0,82400,82700,81400,81400,17240518
20210330,0,81600,82300,81300,82200,13121698
20210329,0,81700,81700,81000,81600,14952134
20210326,0,81400,81600,81000,81500,12845778
20210325,0,81000,82100,80800,81200,14758826
20210324,0,81000,81600,80700,81000,17926638
20210323,0,82600,82900,81800,81800,13299907
20210322,0,82000,82300,81700,82000,12670506
20210319,0,82100,82500,81800,81900,15869700
20210318,0,82800,83800,82600,82900,18585244
20210317,0,82800,82900,82000,82300,11625146
20210316,0,82200,83000,82100,82800,12293537
20210315,0,82800,82900,81800,81800,13735798
20210312,0,83100,83500,82400,82800,13530573
20210311,0,81000,82500,81000,82000,23818297
20210310,0,82400,82500,80700,80900,20038422
20210309,0,81400,81900,80600,81400,25420764
20210308,0,82900,83000,81600,82000,17641256
20210305,0,81100,82600,81100,82100,20508971
20210304,0,82600,83200,82200,82400,24348331
20210303,0,83500,84000,82800,84000,19882132
20210302,0,85100,85300,83000,83600,33498180
20210226,0,82800,83400,82000,82500,38520800
20210225,0,84000,85400,83000,85300,34155986
20210224,0,81800,83600,81300,82000,26807651
20210223,0,81200,82900,81100,82000,20587314
20210222,0,83800,84200,82200,82200,25419886
20210219,0,82300,82800,81000,82600,25880879
20210218,0,83200,83600,82100,82100,21327683
20210217,0,83900,84200,83000,83200,18307735
20210216,0,84500,86000,84200,84900,20483100
20210215,0,83800,84500,83300,84200,23529706
20210210,0,82600,82600,81600,81600,23025766
20210209,0,84000,84800,82700,82700,20898332
20210208,0,83800,84200,83000,83000,15338765
20210205,0,83100,84000,82500,83500,18036835
20210204,0,83500,83800,82100,82500,24171688
20210203,0,84800,85400,83400,84600,22112205
20210202,0,84100,86400,83700,84400,26302077
20210201,0,81700,83400,81000,83000,28046832
20210129,0,84500,85000,82000,82000,39615978
20210128,0,83200,85600,83200,83700,31859808
20210127,0,86600,87700,85600,85600,26423070
20210126,0,88800,89200,86500,86700,33178936
20210125,0,87000,89900,86300,89400,27258534
20210122,0,89000,89700,86800,86800,30861661
20210121,0,87500,88600,86500,88100,25318011
20210120,0,89000,89000,86500,87200,25211127
20210119,0,84500,88000,83600,87000,39895044
20210118,0,86600,87300,84100,85000,43227951
20210115,0,89800,91800,88000,88000,33431809
20210114,0,88700,90000,88700,89700,26393970
20210113,0,89800,91200,89100,89700,36068848
20210112,0,90300,91400,87800,90600,48682416
20210111,0,90000,96800,89500,91000,90306177
20210108,0,83300,90000,83000,88800,59013307
20210107,0,82800,84200,82700,82900,32644642
20210106,0,83300,84500,82100,82200,42089013
20210105,0,81600,83900,81600,83900,35335669
20210104,0,81000,84400,80200,83000,38655276
20201230,0,77400,81300,77300,81000,29417421
20201229,0,78800,78900,77300,78300,30339449
20201228,0,79000,80100,78200,78700,40085044
20201224,0,74100,78800,74000,77800,32502870
20201223,0,72400,74000,72300,73900,19411326
20201222,0,72500,73200,72100,72300,16304910
20201221,0,73100,73400,72000,73000,20367355
20201218,0,73300,73700,73000,73000,17613029
20201217,0,73400,73700,72600,73300,24293214
20201216,0,74100,74500,73400,73800,17512081
20201215,0,73800,74100,73300,73800,20863671
20201214,0,73600,74500,73200,73800,21510415
20201211,0,73500,73800,73100,73400,18486672
20201210,0,72700,73800,72500,72900,39882928
20201209,0,72100,73900,72000,73900,24077996
20201208,0,72200,72900,71600,71700,25000338
20201207,0,72400,73500,71900,72900,28490496
20201204,0,70400,72100,70100,71500,28130533
20201203,0,70100,70500,69300,69700,23677989
20201202,0,68400,69900,68300,69500,29703942
20201201,0,67100,68300,67100,67800,22327173
20201130,0,68400,68600,66700,66700,43811016
20201127,0,68000,68400,67600,68200,14063434
20201126,0,66100,68000,66000,68000,19023323
20201125,0,67900,68300,66500,66600,32447065
20201124,0,67900,69500,67000,67700,32158235
20201123,0,64800,67800,64700,67500,27134398
20201120,0,63900,65200,63900,64700,15068682
20201119,0,64100,64800,63900,64600,16590290
20201118,0,65700,66200,64700,64800,22963790
20201117,0,67000,67000,65600,65700,30204089
20201116,0,64000,66700,63900,66300,36354334
20201113,0,61300,63200,61000,63200,31508829
20201112,0,61000,61400,60700,61000,19800573
20201111,0,60700,61400,60400,61300,25628510
20201110,0,60500,60500,59500,60200,19073552
20201109,0,60700,60900,60100,60200,15892961
20201106,0,60700,60800,59600,60100,16910230
20201105,0,59000,60300,58800,60300,20639475
20201104,0,58900,59000,57800,58500,21718561
20201103,0,57900,58900,57600,58800,14950919
20201102,0,56400,57500,56000,57400,20489076
20201030,0,58000,58000,56600,56600,26907844
20201029,0,58200,58500,57500,58100,22636966
20201028,0,59400,59400,58800,59000,14428882
20201027,0,60300,60300,59500,59800,17260416
20201026,0,60400,61100,60100,60400,13268226
20201023,0,60400,60400,59800,60200,9322232
20201022,0,60300,60500,59800,60100,14294095
20201021,0,61200,61500,60600,60900,15703443
20201020,0,60300,60900,60100,60900,19326115
20201019,0,59600,60200,59500,60000,14474985
20201016,0,60000,60400,59000,59500,16554190
20201015,0,60700,60800,59700,60000,17756232
20201014,0,61000,61100,60500,60900,16086716
20201013,0,61000,61400,60400,60900,19247631
20201012,0,60000,60400,59900,60400,16145837
20201008,0,60500,60700,59500,59700,24589924
20201007,0,58700,59900,58500,59900,14861838
20201006,0,59400,59900,58700,59000,14463826
20201005,0,57500,59200,57500,58700,20228289
20200929,0,58300,59000,58200,58200,15503563
20200928,0,58300,58800,57900,58200,12614080
20200925,0,57700,58200,57700,57900,11444683
20200924,0,57700,58600,57600,57800,17564020
20200923,0,58400,58800,57400,58600,20111398
20200922,0,59100,59700,57800,58200,20830381
20200921,0,59100,60000,59000,59200,15140387
20200918,0,59800,59900,59100,59300,18884571
20200917,0,60700,60800,59300,59500,25108356
20200916,0,61100,61300,60600,61000,17041444
20200915,0,60900,61000,60500,61000,17877075
20200914,0,60200,60800,59900,60400,20648281
20200911,0,59300,59400,58200,59000,16017098
20200910,0,59900,60000,59100,59200,29923293
20200909,0,58200,59300,57800,58400,30597399
20200908,0,57400,58700,57200,58700,31517520
20200907,0,56100,57300,55800,56500,18685880
20200904,0,55200,55800,55100,55600,22139109
20200903,0,55600,56700,55500,56400,28384920
20200902,0,54600,55100,54100,54400,16905723
20200901,0,54100,54800,54100,54200,19363117
20200831,0,56000,56100,54000,54000,32671367
20200828,0,56100,56300,55400,55400,14619888
20200827,0,56300,56300,55600,55600,16196568
20200826,0,56400,56500,55700,56400,17651593
20200825,0,56400,56800,56100,56400,14021705
20200824,0,55800,56600,55400,56100,15055896
20200821,0,56200,56900,55800,55900,21142288
20200820,0,57600,57600,55300,55400,30386029
20200819,0,59000,59200,57800,57800,16930719
20200818,0,58900,59900,58000,58400,25307825
20200814,0,58000,58400,57700,58000,15672548
20200813,0,59400,59600,58000,58700,22089460
20200812,0,58200,59000,57700,59000,18573934
20200811,0,58000,59500,57800,58200,24907912
20200810,0,57600,58300,57500,57800,17774291
20200807,0,57900,58400,57100,57500,18751717
20200806,0,57100,58400,57100,58000,21625874
20200805,0,57300,57500,56300,56900,17739706
20200804,0,57200,58100,57000,57300,19419694
20200803,0,57800,57900,56700,56800,21158940
20200731,0,59500,59600,57700,57900,21943345
20200730,0,59700,60100,59000,59000,19285354
20200729,0,60300,60400,58600,59000,36476611
20200728,0,57000,58800,56400,58600,48431566
20200727,0,54300,55700,54300,55600,21054421
20200724,0,54000,54400,53700,54200,10994535
20200723,0,54700,54700,53800,54100,16214932
20200722,0,55300,55500,54700,54700,12885057
20200721,0,55200,55400,54800,55300,18297260
20200720,0,54800,54800,54000,54200,10507530
20200717,0,54200,54700,54100,54400,10096174
20200716,0,54800,54800,53800,53800,16779127
20200715,0,54400,55000,54300,54700,24051450
20200714,0,53700,53800,53200,53800,14269484
20200713,0,53300,53800,53100,53400,12240188
20200710,0,53100,53200,52300,52700,13714746
20200709,0,53200,53600,52800,52800,17054850
20200708,0,53600,53900,52900,53000,19664652
20200707,0,55800,55900,53400,53400,30760032
20200706,0,54000,55000,53800,55000,19856623
20200703,0,53000,53600,52700,53600,11887868
20200702,0,52100,52900,52100,52900,14142583
20200701,0,53400,53600,52400,52600,16706143
20200630,0,53900,53900,52800,52800,21157172
20200629,0,52500,53200,52000,52400,17776925
20200626,0,52800,53900,52200,53300,21575360
20200625,0,52100,53000,51900,51900,18541624
20200624,0,51900,53900,51600,52900,24519552
20200623,0,52500,52800,51100,51400,18086152
20200622,0,52000,52600,51800,52000,13801350
20200619,0,52600,52900,51600,52900,18157985
20200618,0,52200,52300,51600,52300,15982926
20200617,0,52100,52900,51300,52200,26672595
20200616,0,51200,52100,50600,52100,21808375
20200615,0,51400,52000,49900,49900,28772921
20200612,0,52100,52800,51500,52300,26976019
20200611,0,54500,55100,53200,54300,33815123
20200610,0,55100,55900,54900,55400,16742493
20200609,0,55800,56500,54400,55500,23998831
20200608,0,56400,56500,54700,54900,25634965
20200605,0,54400,55900,54000,55500,22743629
20200604,0,55800,57000,54600,54600,40220334
20200603,0,51800,55000,51700,54500,49257814
20200602,0,51000,51500,50800,51400,14247933
20200601,0,50800,51200,50600,51200,16949183
20200529,0,50000,50700,49700,50700,27596961
20200528,0,51100,51200,49900,50400,31309318
20200527,0,48950,50000,48800,49900,19548479
20200526,0,48700,49450,48600,49250,15127490
20200525,0,48750,48900,48450,48850,14337913
20200522,0,49600,49800,48600,48750,19706284
20200521,0,50300,50400,49850,49950,14949266
20200520,0,50000,50200,49800,50000,14896899
20200519,0,50100,50500,49700,50300,25168295
20200518,0,47950,49100,47600,48800,20481981
20200515,0,48400,48450,47700,47850,18463118
20200514,0,47750,48100,47650,48000,19305974
20200513,0,47250,48550,47200,48550,20223277
20200512,0,48400,48500,47550,47900,23433590
20200511,0,48900,49250,48300,48400,16357743
20200508,0,49100,49350,48800,48800,15319700
20200507,0,49200,49300,48700,48800,13884411
20200506,0,49000,49200,48500,49200,18070225
20200504,0,48900,49100,48500,48500,26083749
20200429,0,49900,50500,49600,50000,15604533
20200428,0,49850,50100,49300,50100,16095399
20200427,0,49350,50000,49100,49850,14049471
20200424,0,49650,49750,49000,49350,15618347
20200423,0,50200,50300,49500,49850,18754442
20200422,0,48700,50000,48350,49850,18613864
20200421,0,49400,49700,48700,49250,27407543
20200420,0,51400,51400,50000,50100,21866354
20200417,0,50800,52000,50300,51400,32041675
20200416,0,49350,49350,48550,49000,23349760
20200414,0,48800,49200,48300,49000,14206216
20200413,0,48650,48900,48300,48300,14431800
20200410,0,48950,49250,48650,49250,17839111
20200409,0,49750,49800,48700,49100,22628058
20200408,0,49600,49750,48600,48600,25010314
20200407,0,49650,50200,49000,49600,31524034
20200406,0,47500,48800,47250,48700,23395726
20200403,0,47400,47600,46550,47000,22784682
20200402,0,46200,46850,45350,46800,21621076
20200401,0,47450,47900,45800,45800,27259532
20200331,0,48000,48500,47150,47750,30654261
20200330,0,47050,48350,46550,47850,26797395
20200327,0,49600,49700,46850,48300,39896178
20200326,0,49000,49300,47700,47800,42185129
20200325,0,48950,49600,47150,48650,52735922
20200324,0,43850,46950,43050,46950,49801908
20200323,0,42600,43550,42400,42500,41701626
20200320,0,44150,45500,43550,45400,49730008
20200319,0,46400,46650,42300,42950,56925513
20200318,0,47750,48350,45600,45600,40152623
20200317,0,46900,49650,46700,47300,51218151
20200316,0,50100,50900,48800,48900,33339821
20200313,0,47450,51600,46850,49950,59462933
20200312,0,51000,51900,49300,50800,48149999
20200311,0,54300,54400,52000,52100,45707281
20200310,0,53800,54900,53700,54600,32106554
20200309,0,54700,55000,53600,54200,30261485
20200306,0,56500,57200,56200,56500,18716656
20200305,0,57600,58000,56700,57800,21698990
20200304,0,54800,57600,54600,57400,24765728
20200303,0,56700,56900,55100,55400,30330295
20200302,0,54300,55500,53600,55000,30403412
20200228,0,55000,55500,54200,54200,30054227
20200227,0,56300,56900,55500,55900,23209541
20200226,0,56000,57000,56000,56500,25483102
20200225,0,56200,58000,56200,57900,23885408
20200224,0,57400,58100,56800,56800,25627537
20200221,0,58800,59800,58500,59200,13777393
20200220,0,60700,61300,59600,60000,14591924
20200219,0,59800,60400,59400,60200,12951496
20200218,0,60800,60900,59700,59800,16674266
20200217,0,61600,62000,61200,61500,8740596
20200214,0,60900,61900,60200,61800,13276067
20200213,0,61200,61600,60500,60700,18449775
20200212,0,60300,60700,59700,60500,12904207
20200211,0,59800,60700,59700,59900,11071231
20200210,0,59200,59800,59100,59700,13107121
20200207,0,61100,61200,59700,60400,16402493
20200206,0,60100,61100,59700,61100,14727159
20200205,0,60000,60200,58900,59500,19278165
20200204,0,57100,59000,56800,58900,21800192
20200203,0,55500,57400,55200,57200,23995260
20200131,0,57800,58400,56400,56400,19749457
20200130,0,58800,58800,56800,57200,20821939
20200129,0,59100,59700,58800,59100,16446102
20200128,0,59400,59400,58300,58800,23664541
20200123,0,61800,61800,60700,60800,14916555
20200122,0,60500,62600,60400,62300,15339565
20200121,0,62000,62400,61200,61400,11142693
20200120,0,62000,62800,61700,62400,12528855
20200117,0,61900,62000,61000,61300,16025661
20200116,0,59100,60700,59000,60700,14381774
20200115,0,59500,59600,58900,59000,14300928
20200114,0,60400,61000,59900,60000,16906295
20200113,0,59600,60000,59100,60000,11359139
20200110,0,58800,59700,58300,59500,16000170
20200109,0,58400,58600,57400,58600,24102579
20200108,0,56200,57400,55900,56800,23501171
20200107,0,55700,56400,55600,55800,10009778
20200106,0,54900,55600,54600,55500,10278951
20200103,0,56000,56600,54900,55500,15422255
20200102,0,55500,56000,55000,55200,12993228
20191230,0,56200,56600,55700,55800,8356767
20191227,0,55700,56900,55500,56500,12313056
20191226,0,54700,55400,54400,55400,9645034
20191224,0,55600,55700,54800,55000,11868463
20191223,0,56100,56400,55100,55500,9839252
20191220,0,56100,56500,55600,56000,12095519
20191219,0,57000,57300,55500,56000,14180520
20191218,0,56700,57200,56000,56300,15558208
20191217,0,55800,56700,55400,56700,19358433
20191216,0,54500,54900,54300,54700,11512405
20191213,0,54500,54800,53900,54700,18120261
20191212,0,53000,53300,52700,53300,29178697
20191211,0,51500,52200,51400,51900,11379521
20191210,0,51000,51600,50700,51500,6882771
20191209,0,50900,51400,50700,51200,8470627
20191206,0,50100,50900,49950,50400,11414563
20191205,0,50200,50400,49500,49500,10449715
20191204,0,49600,49850,49000,49450,13246549
20191203,0,49800,50300,49500,49900,12059812
20191202,0,50900,51300,50400,50400,18877252
20191129,0,51200,51400,50200,50300,11179334
20191128,0,51900,52100,51300,51300,6833885
20191127,0,51800,52300,51600,52200,7546261
20191126,0,51900,52900,51800,51800,27372226
20191125,0,52200,52600,51700,51800,9050625
20191122,0,51000,51600,50900,51600,8478310
20191121,0,51600,52100,50600,51000,14298646
20191120,0,53400,53400,52000,52000,12560070
20191119,0,53200,53500,52700,53500,8907177
20191118,0,53600,53800,53200,53500,7746554
20191115,0,52900,53700,52600,53700,9703360
20191114,0,51900,52800,51900,52800,12010018
20191113,0,52500,52500,52000,52500,6225196
20191112,0,51800,52600,51600,52600,6576148
20191111,0,52200,52200,51400,51600,8185952
20191108,0,53200,53300,52000,52100,11603290
20191107,0,53400,53400,52400,52900,9257116
20191106,0,52900,53500,52700,53300,14361133
20191105,0,52400,52700,52100,52700,10581034
20191104,0,51700,52300,51400,52300,13012411
20191101,0,50600,51200,50400,51200,8467846
20191031,0,51000,51400,50300,50400,10304777
20191030,0,50700,50800,50200,50400,8959435
20191029,0,51400,51700,50800,51100,7581629
20191028,0,50700,51500,50700,51300,6431522
20191025,0,50800,51200,50500,50900,7879897
20191024,0,52500,52500,50500,50700,21185785
20191023,0,51300,51500,50800,51200,8663880
20191022,0,50800,51500,50700,51200,10898729
20191021,0,49900,50400,49800,50300,4406531
20191018,0,50300,50900,49650,49900,8483106
20191017,0,50500,50600,50100,50500,6701380
20191016,0,50700,50900,50400,50700,9136282
20191015,0,49900,50200,49900,50100,6058105
20191014,0,50000,50300,49850,50000,11130635
20191011,0,49000,49450,48800,49150,7783275
20191010,0,48200,49200,48000,48550,18639855
20191008,0,47900,49000,47600,48900,14239367
20191007,0,48350,48700,47650,47750,7047273
20191004,0,47400,48650,47350,48000,9331695
20191002,0,48350,48400,47600,47600,8382463
20191001,0,48900,49100,48650,48850,6206035
20190930,0,48050,49250,47900,49050,9497119
20190927,0,48000,48700,48000,48400,8048041
20190926,0,49000,49250,48900,49200,8494756
20190925,0,49200,49350,48800,48900,9187141
20190924,0,49050,49650,48850,49500,7871955
20190923,0,49250,49300,49000,49300,7568553
20190920,0,49400,49600,49100,49200,15460210
20190919,0,48050,49200,47850,49150,16461413
20190918,0,46900,47700,46800,47700,10413027
20190917,0,47000,47100,46800,46900,7006280
20190916,0,47000,47100,46400,47100,15550926
20190911,0,47300,47400,46800,47150,16141619
20190910,0,47100,47200,46550,47000,9231792
20190909,0,46450,47000,46300,46900,9434157
20190906,0,46500,46500,45850,46300,9896562
20190905,0,44800,46100,44450,45700,18297430
20190904,0,43250,44100,43150,44100,12441837
20190903,0,43550,43650,43100,43250,9774941
20190902,0,44850,44850,43650,43800,7185537
20190830,0,43750,44300,43750,44000,9899073
20190829,0,44200,44200,43050,43400,10768862
20190828,0,44100,44400,43750,44150,5758333
20190827,0,43650,44200,43600,44050,16883932
20190826,0,43050,43800,42950,43600,7954949
20190823,0,43800,44200,43650,43950,5017381
20190822,0,44500,44700,43850,44050,8061177
20190821,0,44350,44800,44150,44500,6571717
20190820,0,43950,44600,43550,44450,8434205
20190819,0,44350,44350,43500,43600,6014218
20190816,0,43800,43900,43300,43900,9528115
20190814,0,43900,44250,43500,43700,8750135
20190813,0,43500,43500,42950,43000,7276979
20190812,0,44000,44000,43550,43700,8466169
20190809,0,43250,43350,43050,43150,9685147
20190808,0,43250,43500,42650,42650,16926881
20190807,0,43600,43900,43100,43200,10002533
20190806,0,42500,43800,42500,43500,15083824
20190805,0,44350,44600,43600,43950,14214086
20190802,0,44550,45500,44300,44950,12151374
20190801,0,44900,45500,44850,45200,7811181
20190731,0,46200,46600,45000,45350,12872916
20190730,0,46300,46850,46300,46550,5551014
20190729,0,46800,47050,46000,46100,6856846
20190726,0,46650,47150,46550,47150,7873886
20190725,0,47150,47200,46600,47200,8408838
20190724,0,47100,47150,46250,46400,8756522
20190723,0,47350,47550,47050,47300,9061381
20190722,0,46800,47300,46600,47200,9009109
20190719,0,46650,46950,46600,46800,8819393
20190718,0,46450,46450,45650,46100,5143554
20190717,0,46150,46350,45950,46050,5216602
20190716,0,46450,46850,46300,46850,7407824
20190715,0,45950,46650,45750,46450,4717226
20190712,0,46350,46400,45800,46300,5245804
20190711,0,46350,46550,46150,46200,10989751
20190710,0,45550,46150,45500,45550,9253930
20190709,0,44850,45450,44700,45100,7646421
20190708,0,44750,44800,44350,44400,7823843
20190705,0,45950,45950,45250,45650,7235395
20190704,0,45250,46200,45250,46000,6365573
20190703,0,45750,46350,45200,45400,9669368
20190702,0,46200,46900,45850,46250,8463073
20190701,0,47350,47400,46250,46600,11383522
20190628,0,47000,47000,46700,47000,12949231
20190627,0,46000,46600,45750,46500,12603534
20190626,0,45800,46000,45600,45700,9226097
20190625,0,45200,45800,45200,45600,7076774
20190624,0,45200,45800,45200,45500,6085066
20190621,0,45750,45800,45200,45700,9454913
20190620,0,44850,45500,44850,45500,7147785
20190619,0,45450,45450,45000,45350,10417690
20190618,0,43750,44500,43650,44350,7994928
20190617,0,43750,44050,43400,43900,11890424
20190614,0,43750,44150,43300,44000,9322873
20190613,0,44200,44400,43400,43750,16906541
20190612,0,44800,45050,44300,44600,8607439
20190611,0,44800,45000,44550,44850,6664872
20190610,0,44300,44850,44050,44800,8792182
20190607,0,43600,44350,43450,44200,11683682
20190605,0,44050,44200,43700,43900,12464135
20190604,0,43400,43700,43000,43450,9913497
20190603,0,42950,43900,42500,43800,15466580
20190531,0,42600,42800,42150,42500,11365999
20190530,0,42200,42700,42150,42550,11766018
20190529,0,41850,42100,41300,41800,14930618
20190528,0,42550,42950,42150,42550,24506881
20190527,0,42500,43000,42350,42650,8066669
20190524,0,43800,43800,42400,42700,13966305
20190523,0,43900,44000,43250,43850,12259006
20190522,0,43700,43800,42400,43500,11033339
20190521,0,42600,43950,42350,43150,18812133
20190520,0,41650,42100,41550,42000,15752397
20190517,0,41950,42050,40850,41200,13357951
20190516,0,42350,42400,41350,41550,13687828
20190515,0,42700,43050,42550,42550,7670185
20190514,0,41300,43100,41300,42650,11563730
20190513,0,42500,43200,42350,42650,7635079
20190510,0,42600,43450,42450,42900,14579512
20190509,0,43900,44250,42450,42450,23029718
20190508,0,44300,44850,44200,44250,10398754
20190507,0,45250,45300,44400,44850,12014907
20190503,0,45900,46050,45300,45300,6562916
20190502,0,45500,46150,45400,45900,8625126
20190430,0,46000,46300,45350,45850,11121273
20190429,0,45150,46150,45100,46150,8777517
20190426,0,44200,45000,43800,44850,9739982
20190425,0,44250,45000,44100,44650,10868965
20190424,0,45400,45650,44150,44750,13299267
20190423,0,45050,45500,45000,45200,6920566
20190422,0,45400,45900,45100,45350,6006957
20190419,0,45750,46000,45250,45300,8479710
20190418,0,47200,47250,45500,45600,12808747
20190417,0,47300,47600,47000,47050,5513658
20190416,0,47400,47400,46800,47250,7730881
20190415,0,47150,47500,47000,47050,8733019
20190412,0,46050,46900,46000,46850,7668936
20190411,0,46700,46800,46150,46250,13697399
20190410,0,46400,46700,46050,46700,11883995
20190409,0,46700,46950,46200,46650,6878761
20190408,0,47250,47250,46150,46650,8507909
20190405,0,46950,47550,46600,46850,8546339
20190404,0,46150,47100,46150,46950,12650168
20190403,0,46750,46750,45800,46600,12436570
20190402,0,45550,46100,45350,45750,9480688
20190401,0,45200,45450,44850,45050,7362129
20190329,0,44500,44900,44200,44650,11491713
20190328,0,44950,45200,44300,44850,6821306
20190327,0,44750,45600,44250,45350,9568081
20190326,0,45500,45700,44900,45250,9729811
20190325,0,45300,45650,44800,45500,8699728
20190322,0,46850,47000,46250,46550,12535911
20190321,0,44600,46250,44050,45850,21138016
20190320,0,43800,44200,43100,44050,9846242
20190319,0,43750,43900,43550,43900,7609563
20190318,0,43950,44150,43450,43700,8188876
20190315,0,43800,44250,43700,44200,16814163
20190314,0,43700,44300,43550,43850,18039161
20190313,0,44250,44450,43700,43850,8108343
20190312,0,44300,44950,44150,44650,11431977
20190311,0,44400,44450,43650,43650,10717408
20190308,0,44450,44800,43800,43800,7729069
20190307,0,43400,44950,43400,44450,11049749
20190306,0,44000,44300,43700,44000,10202544
20190305,0,44600,45100,44150,44250,10612405
20190304,0,46000,46100,44800,44850,12926539
20190228,0,46400,46500,45100,45100,23569321
20190227,0,47000,47250,46750,46750,8045211
20190226,0,47350,47450,46500,46750,7985547
20190225,0,47400,47550,47050,47350,7484716
20190222,0,46500,47150,46450,47150,6895772
20190221,0,46500,47200,46200,46950,8694009
20190220,0,46750,47100,46500,46900,11506720
20190219,0,45850,46150,45450,45950,6741395
20190218,0,46500,46850,45850,46200,8183728
20190215,0,46750,46850,45650,46050,10554643
20190214,0,46600,47500,46150,47500,17259341
20190213,0,46400,46700,46000,46200,11299738
20190212,0,44650,46250,44650,46050,13184367
20190211,0,44500,45000,44250,45000,11125044
20190208,0,45700,45700,44650,44800,12689196
20190207,0,46800,47100,46200,46200,15872001
20190201,0,46650,46950,46250,46350,13832454
20190131,0,46650,47050,46150,46150,21621145
20190130,0,44800,46400,44800,46400,17505980
20190129,0,45050,45500,44350,45500,16215017
20190128,0,45000,45500,44600,45050,17998914
20190125,0,44300,44750,43750,44750,22789395
20190124,0,43050,43100,42350,43050,14747623
20190123,0,41350,42250,41350,42000,11071079
20190122,0,42750,42850,41850,42150,9964356
20190121,0,42700,42750,41900,42750,11355701
20190118,0,42000,42400,41950,42300,11029256
20190117,0,41700,42100,41450,41950,11736903
20190116,0,41150,41450,40700,41450,8491595
20190115,0,40050,41100,39850,41100,11492756
20190114,0,40450,40700,39850,40050,11984996
20190111,0,40350,40550,39950,40500,11661063
20190110,0,40000,40150,39600,39800,14731699
20190109,0,38650,39600,38300,39600,17452708
20190108,0,38000,39200,37950,38100,12756554
20190107,0,38000,38900,37800,38750,12748997
20190104,0,37450,37600,36850,37450,14108958
20190103,0,38300,38550,37450,37600,12471493
20190102,0,39400,39400,38550,38750,7847664
